[{"model": "auth.permission", "pk": 1, "fields": {"name": "Can add log entry", "content_type": 1, "codename": "add_logentry"}}, {"model": "auth.permission", "pk": 2, "fields": {"name": "Can change log entry", "content_type": 1, "codename": "change_logentry"}}, {"model": "auth.permission", "pk": 3, "fields": {"name": "Can delete log entry", "content_type": 1, "codename": "delete_logentry"}}, {"model": "auth.permission", "pk": 4, "fields": {"name": "Can view log entry", "content_type": 1, "codename": "view_logentry"}}, {"model": "auth.permission", "pk": 5, "fields": {"name": "Can add permission", "content_type": 2, "codename": "add_permission"}}, {"model": "auth.permission", "pk": 6, "fields": {"name": "Can change permission", "content_type": 2, "codename": "change_permission"}}, {"model": "auth.permission", "pk": 7, "fields": {"name": "Can delete permission", "content_type": 2, "codename": "delete_permission"}}, {"model": "auth.permission", "pk": 8, "fields": {"name": "Can view permission", "content_type": 2, "codename": "view_permission"}}, {"model": "auth.permission", "pk": 9, "fields": {"name": "Can add group", "content_type": 3, "codename": "add_group"}}, {"model": "auth.permission", "pk": 10, "fields": {"name": "Can change group", "content_type": 3, "codename": "change_group"}}, {"model": "auth.permission", "pk": 11, "fields": {"name": "Can delete group", "content_type": 3, "codename": "delete_group"}}, {"model": "auth.permission", "pk": 12, "fields": {"name": "Can view group", "content_type": 3, "codename": "view_group"}}, {"model": "auth.permission", "pk": 13, "fields": {"name": "Can add content type", "content_type": 4, "codename": "add_contenttype"}}, {"model": "auth.permission", "pk": 14, "fields": {"name": "Can change content type", "content_type": 4, "codename": "change_contenttype"}}, {"model": "auth.permission", "pk": 15, "fields": {"name": "Can delete content type", "content_type": 4, "codename": "delete_contenttype"}}, {"model": "auth.permission", "pk": 16, "fields": {"name": "Can view content type", "content_type": 4, "codename": "view_contenttype"}}, {"model": "auth.permission", "pk": 17, "fields": {"name": "Can add session", "content_type": 5, "codename": "add_session"}}, {"model": "auth.permission", "pk": 18, "fields": {"name": "Can change session", "content_type": 5, "codename": "change_session"}}, {"model": "auth.permission", "pk": 19, "fields": {"name": "Can delete session", "content_type": 5, "codename": "delete_session"}}, {"model": "auth.permission", "pk": 20, "fields": {"name": "Can view session", "content_type": 5, "codename": "view_session"}}, {"model": "auth.permission", "pk": 21, "fields": {"name": "Can add crew", "content_type": 6, "codename": "add_crew"}}, {"model": "auth.permission", "pk": 22, "fields": {"name": "Can change crew", "content_type": 6, "codename": "change_crew"}}, {"model": "auth.permission", "pk": 23, "fields": {"name": "Can delete crew", "content_type": 6, "codename": "delete_crew"}}, {"model": "auth.permission", "pk": 24, "fields": {"name": "Can view crew", "content_type": 6, "codename": "view_crew"}}, {"model": "auth.permission", "pk": 25, "fields": {"name": "Can add order", "content_type": 7, "codename": "add_order"}}, {"model": "auth.permission", "pk": 26, "fields": {"name": "Can change order", "content_type": 7, "codename": "change_order"}}, {"model": "auth.permission", "pk": 27, "fields": {"name": "Can delete order", "content_type": 7, "codename": "delete_order"}}, {"model": "auth.permission", "pk": 28, "fields": {"name": "Can view order", "content_type": 7, "codename": "view_order"}}, {"model": "auth.permission", "pk": 29, "fields": {"name": "Can add route", "content_type": 8, "codename": "add_route"}}, {"model": "auth.permission", "pk": 30, "fields": {"name": "Can change route", "content_type": 8, "codename": "change_route"}}, {"model": "auth.permission", "pk": 31, "fields": {"name": "Can delete route", "content_type": 8, "codename": "delete_route"}}, {"model": "auth.permission", "pk": 32, "fields": {"name": "Can view route", "content_type": 8, "codename": "view_route"}}, {"model": "auth.permission", "pk": 33, "fields": {"name": "Can add station", "content_type": 9, "codename": "add_station"}}, {"model": "auth.permission", "pk": 34, "fields": {"name": "Can change station", "content_type": 9, "codename": "change_station"}}, {"model": "auth.permission", "pk": 35, "fields": {"name": "Can delete station", "content_type": 9, "codename": "delete_station"}}, {"model": "auth.permission", "pk": 36, "fields": {"name": "Can view station", "content_type": 9, "codename": "view_station"}}, {"model": "auth.permission", "pk": 37, "fields": {"name": "Can add ticket", "content_type": 10, "codename": "add_ticket"}}, {"model": "auth.permission", "pk": 38, "fields": {"name": "Can change ticket", "content_type": 10, "codename": "change_ticket"}}, {"model": "auth.permission", "pk": 39, "fields": {"name": "Can delete ticket", "content_type": 10, "codename": "delete_ticket"}}, {"model": "auth.permission", "pk": 40, "fields": {"name": "Can view ticket", "content_type": 10, "codename": "view_ticket"}}, {"model": "auth.permission", "pk": 41, "fields": {"name": "Can add train", "content_type": 11, "codename": "add_train"}}, {"model": "auth.permission", "pk": 42, "fields": {"name": "Can change train", "content_type": 11, "codename": "change_train"}}, {"model": "auth.permission", "pk": 43, "fields": {"name": "Can delete train", "content_type": 11, "codename": "delete_train"}}, {"model": "auth.permission", "pk": 44, "fields": {"name": "Can view train", "content_type": 11, "codename": "view_train"}}, {"model": "auth.permission", "pk": 45, "fields": {"name": "Can add train type", "content_type": 12, "codename": "add_traintype"}}, {"model": "auth.permission", "pk": 46, "fields": {"name": "Can change train type", "content_type": 12, "codename": "change_traintype"}}, {"model": "auth.permission", "pk": 47, "fields": {"name": "Can delete train type", "content_type": 12, "codename": "delete_traintype"}}, {"model": "auth.permission", "pk": 48, "fields": {"name": "Can view train type", "content_type": 12, "codename": "view_traintype"}}, {"model": "auth.permission", "pk": 49, "fields": {"name": "Can add journey", "content_type": 13, "codename": "add_journey"}}, {"model": "auth.permission", "pk": 50, "fields": {"name": "Can change journey", "content_type": 13, "codename": "change_journey"}}, {"model": "auth.permission", "pk": 51, "fields": {"name": "Can delete journey", "content_type": 13, "codename": "delete_journey"}}, {"model": "auth.permission", "pk": 52, "fields": {"name": "Can view journey", "content_type": 13, "codename": "view_journey"}}, {"model": "auth.permission", "pk": 53, "fields": {"name": "Can add user", "content_type": 14, "codename": "add_user"}}, {"model": "auth.permission", "pk": 54, "fields": {"name": "Can change user", "content_type": 14, "codename": "change_user"}}, {"model": "auth.permission", "pk": 55, "fields": {"name": "Can delete user", "content_type": 14, "codename": "delete_user"}}, {"model": "auth.permission", "pk": 56, "fields": {"name": "Can view user", "content_type": 14, "codename": "view_user"}}, {"model": "contenttypes.contenttype", "pk": 1, "fields": {"app_label": "admin", "model": "logentry"}}, {"model": "contenttypes.contenttype", "pk": 2, "fields": {"app_label": "auth", "model": "permission"}}, {"model": "contenttypes.contenttype", "pk": 3, "fields": {"app_label": "auth", "model": "group"}}, {"model": "contenttypes.contenttype", "pk": 4, "fields": {"app_label": "contenttypes", "model": "contenttype"}}, {"model": "contenttypes.contenttype", "pk": 5, "fields": {"app_label": "sessions", "model": "session"}}, {"model": "contenttypes.contenttype", "pk": 6, "fields": {"app_label": "task", "model": "crew"}}, {"model": "contenttypes.contenttype", "pk": 7, "fields": {"app_label": "task", "model": "order"}}, {"model": "contenttypes.contenttype", "pk": 8, "fields": {"app_label": "task", "model": "route"}}, {"model": "contenttypes.contenttype", "pk": 9, "fields": {"app_label": "task", "model": "station"}}, {"model": "contenttypes.contenttype", "pk": 10, "fields": {"app_label": "task", "model": "ticket"}}, {"model": "contenttypes.contenttype", "pk": 11, "fields": {"app_label": "task", "model": "train"}}, {"model": "contenttypes.contenttype", "pk": 12, "fields": {"app_label": "task", "model": "traintype"}}, {"model": "contenttypes.contenttype", "pk": 13, "fields": {"app_label": "task", "model": "journey"}}, {"model": "contenttypes.contenttype", "pk": 14, "fields": {"app_label": "user", "model": "user"}}, {"model": "task.crew", "pk": 2, "fields": {"first_name": "Mishaylo", "last_name": "Ivachenko", "image": "upload/crew/mishaylo-50894b52-d2c4-4ff1-9f57-1b38227fd0d6.Ryan_Reynolds.jpg"}}, {"model": "task.crew", "pk": 3, "fields": {"first_name": "Svetlana", "last_name": "Sira", "image": "upload/crew/svetlana-108fc2da-9bf0-4fcc-8a5e-f18ddaa3e297.Scarlett_Johansson.jpg"}}, {"model": "task.crew", "pk": 4, "fields": {"first_name": "Bogdan", "last_name": "Sedov", "image": "upload/crew/bogdan-8b1d7b9b-0f01-40f3-8195-e594ab11ca77.Robert_John_Downey.jpg"}}, {"model": "task.crew", "pk": 5, "fields": {"first_name": "Igor", "last_name": "Shevchenko", "image": "upload/crew/igor-c33b5de1-3b24-4111-bfc9-8ab0784a97e0.Bradley_Pitt.jpg"}}, {"model": "task.crew", "pk": 6, "fields": {"first_name": "Taras", "last_name": "Pipko", "image": "upload/crew/taras-d3b339c7-0be0-4c48-be5a-90a214bb6ddd.Bradley_Pitt.jpg"}}, {"model": "task.traintype", "pk": 1, "fields": {"type_name": "Monorail"}}, {"model": "task.traintype", "pk": 2, "fields": {"type_name": "Maglev"}}, {"model": "task.traintype", "pk": 3, "fields": {"type_name": "Rack railway"}}, {"model": "task.traintype", "pk": 4, "fields": {"type_name": "Funicular"}}, {"model": "task.traintype", "pk": 5, "fields": {"type_name": "Rubber-tired train"}}, {"model": "task.traintype", "pk": 6, "fields": {"type_name": "Rail"}}, {"model": "task.train", "pk": 1, "fields": {"name": "Zipper 2354", "cargo_num": 12, "places_in_cargo": 36, "kilometer_price": 0.1, "train_type": 6}}, {"model": "task.train", "pk": 2, "fields": {"name": "Zipper 1265", "cargo_num": 10, "places_in_cargo": 48, "kilometer_price": 0.09, "train_type": 6}}, {"model": "task.train", "pk": 3, "fields": {"name": "Unstoppable 5922", "cargo_num": 8, "places_in_cargo": 24, "kilometer_price": 0.16, "train_type": 6}}, {"model": "task.station", "pk": 1, "fields": {"name": "Kiev", "latitude": 50.27, "longitude": 30.31, "service_cost": 2.1}}, {"model": "task.station", "pk": 2, "fields": {"name": "Lviv", "latitude": 49.5, "longitude": 24.01, "service_cost": 2.0}}, {"model": "task.station", "pk": 3, "fields": {"name": "Warsaw", "latitude": 52.13, "longitude": 21.0, "service_cost": 3.5}}, {"model": "task.station", "pk": 4, "fields": {"name": "Gdansk", "latitude": 54.21, "longitude": 13.38, "service_cost": 3.0}}, {"model": "task.station", "pk": 5, "fields": {"name": "Praha", "latitude": 50.05, "longitude": 14.25, "service_cost": 4.2}}, {"model": "task.station", "pk": 6, "fields": {"name": "Roma", "latitude": 41.53, "longitude": 12.3, "service_cost": 4.9}}, {"model": "task.station", "pk": 7, "fields": {"name": "Paris", "latitude": 48.51, "longitude": 2.2, "service_cost": 4.7}}, {"model": "task.route", "pk": 1, "fields": {"source": 1, "destination": 4}}, {"model": "task.route", "pk": 2, "fields": {"source": 1, "destination": 2}}, {"model": "task.route", "pk": 3, "fields": {"source": 2, "destination": 6}}, {"model": "task.route", "pk": 4, "fields": {"source": 1, "destination": 3}}, {"model": "task.route", "pk": 5, "fields": {"source": 2, "destination": 7}}, {"model": "task.journey", "pk": 1, "fields": {"departure_time": "2024-01-14T17:48:00", "arrival_time": "2024-01-15T19:52:00", "route": 1, "train": 2, "crew": [2, 3]}}, {"model": "task.journey", "pk": 2, "fields": {"departure_time": "2024-01-20T19:51:00", "arrival_time": "2024-01-21T06:50:00", "route": 4, "train": 2, "crew": [5, 6]}}, {"model": "task.journey", "pk": 3, "fields": {"departure_time": "2024-01-27T08:45:00", "arrival_time": "2024-01-28T08:45:00", "route": 3, "train": 3, "crew": [4, 5]}}, {"model": "task.journey", "pk": 4, "fields": {"departure_time": "2024-01-16T08:46:00", "arrival_time": "2024-01-17T08:46:00", "route": 2, "train": 3, "crew": [2, 3]}}, {"model": "task.order", "pk": 4, "fields": {"created_at": "2024-01-11T15:02:37.917", "user": 2}}, {"model": "task.order", "pk": 5, "fields": {"created_at": "2024-01-11T15:03:23.777", "user": 2}}, {"model": "task.order", "pk": 6, "fields": {"created_at": "2024-01-11T15:12:18.350", "user": 2}}, {"model": "task.order", "pk": 7, "fields": {"created_at": "2024-01-12T10:38:44.637", "user": 2}}, {"model": "task.order", "pk": 8, "fields": {"created_at": "2024-01-12T16:04:46.886", "user": 1}}, {"model": "task.order", "pk": 9, "fields": {"created_at": "2024-01-12T16:06:49.402", "user": 1}}, {"model": "task.ticket", "pk": 5, "fields": {"journey": 1, "order": 4, "cargo_num": 2, "place_in_cargo": 3}}, {"model": "task.ticket", "pk": 6, "fields": {"journey": 1, "order": 5, "cargo_num": 2, "place_in_cargo": 4}}, {"model": "task.ticket", "pk": 7, "fields": {"journey": 1, "order": 5, "cargo_num": 2, "place_in_cargo": 5}}, {"model": "task.ticket", "pk": 8, "fields": {"journey": 1, "order": 6, "cargo_num": 4, "place_in_cargo": 6}}, {"model": "task.ticket", "pk": 9, "fields": {"journey": 1, "order": 6, "cargo_num": 4, "place_in_cargo": 7}}, {"model": "task.ticket", "pk": 10, "fields": {"journey": 1, "order": 7, "cargo_num": 2, "place_in_cargo": 22}}, {"model": "task.ticket", "pk": 11, "fields": {"journey": 2, "order": 8, "cargo_num": 3, "place_in_cargo": 12}}, {"model": "task.ticket", "pk": 12, "fields": {"journey": 2, "order": 9, "cargo_num": 3, "place_in_cargo": 13}}, {"model": "task.ticket", "pk": 13, "fields": {"journey": 2, "order": 9, "cargo_num": 3, "place_in_cargo": 14}}, {"model": "user.user", "pk": 1, "fields": {"password": "pbkdf2_sha256$390000$Ajez70Wp8fEC2dmbj1z9fd$yQzWmT7WToJpPU47xm8TD7/YScBsVUWSgiidxdWKMCg=", "last_login": null, "is_superuser": true, "first_name": "", "last_name": "", "is_staff": true, "is_active": true, "date_joined": "2024-01-10T15:23:38.228", "email": "pilipey@admin.com", "groups": [], "user_permissions": []}}, {"model": "user.user", "pk": 2, "fields": {"password": "pbkdf2_sha256$390000$bYK0XISXMhBT0m4j2VCHPz$t1mspODuMFqyTHtu/8uMcXT+sgc3+thJ86qzwD6+DHI=", "last_login": null, "is_superuser": false, "first_name": "", "last_name": "", "is_staff": false, "is_active": true, "date_joined": "2024-01-10T15:43:55.749", "email": "admin1@admin.com", "groups": [], "user_permissions": []}}]